1,Nancy Yuri Coello Betancourt
2,Jose Olivares Jimenez
3,Angel Yescas Perez
4,Diana Itzel Sánchez
5,Jose Cruz Ortega
6,Armando Manuel Garcia Mendoza
7,Néstor Mendoza López
8,Doris Minelly Canto Lucas
9,Elda Rebeca Hernández y Medina
10,Joel Amador Silva
11,Omar Rivas Mendoza
12,Sara María Elena Hernández Cabañas
13,Jaime Spota Muñoz
14,Javier Torres Mogollan
15,Jerónimo López Cortes
16,Eber Jonai Jiménez Rivera
17,Alejandro García Pérez
18,Valentina Martínez López
19,Gabriel Rodríguez Fernández
20,Isabella López García
21,Mateo González Martínez
22,Sofia Sánchez Rodríguez
23,Daniel Pérez López
24,Angela Camila Fernández González
25,Sebastian Ramírez Pérez
26,Victoria Torres Sánchez
27,Adrian Díaz Ramírez
28,Emma Vázquez Torres
29,Lucas Moreno Díaz
30,Mia Castro Vázquez
31,Diego Herrera Moreno
32,Emily Mendoza Castro
33,Javier Ortega Herrera
34,Martha Olivia Morales Mendoza
35,Carlos Alfonso Silva Ortega
36,Elena Medina Morales
37,Andres Paredes Silva
38,Valeria Gallego Medina
39,Julian Jiménez Paredes
40,Chloe Ríos Gallego
41,Juan Guerrero Jiménez
42,Manuel Herrera Ríos
43,Santiago Vargas Guerrero
44,Roberto Castillo Herrera
45,Pablo Mora Vargas
46,Lina Amelia Salazar Castillo
47,Nicolas Aguilar Mora
48,Samantha Ariel Delgado Salazar
49,Fernando Navarro Aguilar
50,Amelia Rosales Delgado